{"vis": {}, "train_loss": 2.4665117962285876e-05, "val_loss": 0.00255581340752542, "epoch": 12000, "_timestamp": 1690282535.0860963, "_runtime": 95.45996737480164, "_step": 12000}