{"train_loss": 0.0007858946337364614, "val_loss": 0.0011559156700968742, "epoch": 1000, "_timestamp": 1690282312.7950633, "_runtime": 11.852509260177612, "_step": 1000}