{"train_loss": 0.0008571886819866027, "val_loss": 0.0008953296657030781, "epoch": 210, "_timestamp": 1690281023.2436528, "_runtime": 3851.3640587329865, "_step": 210}