{"train_loss": 0.1066487729549408, "val_loss": 0.05193735659122467, "epoch": 0, "_timestamp": 1690281949.3192537, "_runtime": 1.689316749572754, "_step": 0}