{"train_loss": 0.07281330972909927, "val_loss": 0.033455636352300644, "epoch": 0, "_timestamp": 1690282072.7584295, "_runtime": 1.589005470275879, "_step": 0, "_wandb": {"runtime": 1}}