{"train_loss": 0.0015681122567399706, "val_loss": 0.0013088227016851306, "epoch": 0, "_timestamp": 1690281892.2174697, "_runtime": 56.64307165145874, "_step": 0, "_wandb": {"runtime": 56}}